How To Detect Breakpoints Using the Angular CDK#(August 9, 2021)#https://www.digitalocean.com/community/tutorials/angular-breakpoints-angular-cdk
How To Extend Classes with Angular Component Inheritance#(July 13, 2021)#https://www.digitalocean.com/community/tutorials/angular-component-inheritance
How To Get Started with Unit Tests for Angular#(June 16, 2021)#https://www.digitalocean.com/community/tutorials/angular-introduction-unit-testing
How To Integrate Google Maps in Angular with Angular Google Maps#(March 19, 2021)#https://www.digitalocean.com/community/tutorials/angular-angular-google-maps
How To Test HttpClient Requests in Angular#(June 15, 2021)#https://www.digitalocean.com/community/tutorials/angular-testing-httpclient
How To Use @HostBinding and @HostListener in Custom Angular Directives#(July 12, 2021)#https://www.digitalocean.com/community/tutorials/angular-hostbinding-hostlistener
How To Use Angular Universal for Server Side Rendering#(July 15, 2021)#https://www.digitalocean.com/community/tutorials/angular-angular-universal
How To Use Angular's Meta Service to Get, Add, Update, and Remove Information#(June 4, 2021)#https://www.digitalocean.com/community/tutorials/angular-meta-tags
How To Use Change Detection Strategy in Angular#(March 19, 2021)#https://www.digitalocean.com/community/tutorials/angular-change-detection-strategy
How To Use Chart.js in Angular with ng2-charts#(March 19, 2021)#https://www.digitalocean.com/community/tutorials/angular-chartjs-ng2-charts
How To Use ControlValueAccessor to Create Custom Form Controls in Angular#(July 12, 2021)#https://www.digitalocean.com/community/tutorials/angular-custom-form-control
How To Use Custom Form Validation in Angular#(March 22, 2021)#https://www.digitalocean.com/community/tutorials/angular-custom-validation
How To Use Custom SVG Icons in Angular Material#(January 26, 2021)#https://www.digitalocean.com/community/tutorials/angular-custom-svg-icons-angular-material
How To Use Custom webpack Configurations with Angular CLI Builders#(March 18, 2021)#https://www.digitalocean.com/community/tutorials/angular-custom-webpack-config
How To Use Environment Variables in Angular#(June 14, 2021)#https://www.digitalocean.com/community/tutorials/angular-environment-variables
How To Use Flex Layout for Angular#(November 16, 2020)#https://www.digitalocean.com/community/tutorials/angular-flex-layout
How To Use Internationalization (i18n) in Angular#(March 18, 2021)#https://www.digitalocean.com/community/tutorials/angular-internationalization
How To Use Lazy Loading Routes in Angular#(June 30, 2021)#https://www.digitalocean.com/community/tutorials/angular-lazy-loading
How To Use PrimeNG Components in Angular#(August 10, 2021)#https://www.digitalocean.com/community/tutorials/angular-primeng
How To Use Query Parameters with Angular Router#(December 3, 2021)#https://www.digitalocean.com/community/tutorials/angular-query-parameters
How To Use Reactive Forms in Angular#(March 19, 2021)#https://www.digitalocean.com/community/tutorials/angular-reactive-forms-introduction
How To Use Route Guards with Angular Router#(June 14, 2021)#https://www.digitalocean.com/community/tutorials/angular-route-guards
How To Use Route Resolvers with Angular Router#(March 19, 2021)#https://www.digitalocean.com/community/tutorials/angular-route-resolvers
How To Use Spies in Angular Testing#(June 21, 2021)#https://www.digitalocean.com/community/tutorials/angular-testing-with-spies
How To Use ViewChild in Angular to Access a Child Component, Directive, or DOM Element#(November 24, 2021)#https://www.digitalocean.com/community/tutorials/angular-viewchild-access-component
How To Use ngx-translate with Angular#(July 6, 2021)#https://www.digitalocean.com/community/tutorials/angular-ngx-translate
How To Use the innerHTML Property Binding in Angular#(March 19, 2021)#https://www.digitalocean.com/community/tutorials/angular-innerhtml-binding-angular
How To Use the ng-container Element in Angular#(October 28, 2020)#https://www.digitalocean.com/community/tutorials/angular-ng-container-element
How To Use the takeUntil RxJS Operator to Manage Subscriptions Declaratively#(March 23, 2021)#https://www.digitalocean.com/community/tutorials/angular-takeuntil-rxjs-unsubscribe
How To Use waitForAsync and fakeAsync with Angular Testing#(July 7, 2021)#https://www.digitalocean.com/community/tutorials/angular-testing-async-fakeasync
How To Use webpack Bundle Analyzer for Angular Apps#(June 22, 2021)#https://www.digitalocean.com/community/tutorials/angular-angular-webpack-bundle-analyzer
Integrating Algolia InstantSearch with Angular#(March 7, 2018)#https://www.digitalocean.com/community/tutorials/angular-angular-algolia-instantsearch
Introduction to Angular's HttpClient#(July 15, 2017)#https://www.digitalocean.com/community/tutorials/angular-httpclient-intro
Introduction to Routing in Angular#(October 12, 2016)#https://www.digitalocean.com/community/tutorials/angular-introduction-routing-angular
Introduction to Using Storybook for Angular#(March 8, 2018)#https://www.digitalocean.com/community/tutorials/angular-storybook-angular
Lifecycle Hooks in Angular#(January 23, 2017)#https://www.digitalocean.com/community/tutorials/angular-lifecycle-hooks
Manage State in Angular with NGXS#(January 27, 2019)#https://www.digitalocean.com/community/tutorials/angular-ngxs
Managing Subscriptions in Angular With the Async Pipe#(May 3, 2017)#https://www.digitalocean.com/community/tutorials/angular-async-pipe
New Features for ngIf Starting with Angular 4#(March 16, 2017)#https://www.digitalocean.com/community/tutorials/angular-ngif-new-features-angular4
NgSwitch Directive in Angular#(October 17, 2016)#https://www.digitalocean.com/community/tutorials/angular-ngswitch-directive
Preloading in Angular#(April 25, 2017)#https://www.digitalocean.com/community/tutorials/angular-preloading
Providers in Angular#(October 17, 2016)#https://www.digitalocean.com/community/tutorials/angular-providers-angular
Reactive Forms in Angular Using Formly#(December 20, 2017)#https://www.digitalocean.com/community/tutorials/angular-formly
Reactive Forms in Angular: Listening for Changes#(April 19, 2017)#https://www.digitalocean.com/community/tutorials/angular-reactive-forms-valuechanges
Style Binding & NgStyle in Angular 2#(October 24, 2016)#https://www.digitalocean.com/community/tutorials/angular-style-binding-ngstyle-angular
Styles Between Components in Angular 2+#(October 26, 2016)#https://www.digitalocean.com/community/tutorials/angular-styles-between-components-angular
Using Angular CLI Schematics#(October 10, 2019)#https://www.digitalocean.com/community/tutorials/angular-angular-cli-schematics
Using Angular's Location Service#(April 21, 2017)#https://www.digitalocean.com/community/tutorials/angular-location-service
Using Bootstrap in Your Angular Apps with ng-bootstrap#(May 10, 2017)#https://www.digitalocean.com/community/tutorials/angular-ng-bootstrap
Using Cloud Firestore in Angular With AngularFire#(October 4, 2017)#https://www.digitalocean.com/community/tutorials/angular-cloud-firestore-angularfire
Using Custom Pipes in a Component Class in Angular#(April 18, 2017)#https://www.digitalocean.com/community/tutorials/angular-using-pipes-in-component-class
Using Renderer2 in Angular#(March 1, 2021)#https://www.digitalocean.com/community/tutorials/angular-using-renderer2
Using Third-Party Libraries in Angular Apps#(November 1, 2016)#https://www.digitalocean.com/community/tutorials/angular-third-party-libraries-angular
Using the Angular CLI to Get Up and Running With Angular#(September 23, 2016)#https://www.digitalocean.com/community/tutorials/angular-angular-cli
Using the Redux DevTools with ngrx/store#(June 7, 2017)#https://www.digitalocean.com/community/tutorials/angular-ngrx-store-redux-devtools
