6 Optimization Tips for React Apps#(December 12, 2019)#https://www.digitalocean.com/community/tutorials/6-quick-optimisation-tips-in-react-apps
7 Ways to Implement Conditional Rendering in React Applications#(February 5, 2021)#https://www.digitalocean.com/community/tutorials/7-ways-to-implement-conditional-rendering-in-react-applications
A Brief Tour of the Eleventy Static Site Generator#(April 2, 2020)#https://www.digitalocean.com/community/tutorials/js-eleventy
A Fetch API Primer#(October 5, 2017)#https://www.digitalocean.com/community/tutorials/js-fetch-api
A Gentle Introduction to Cycle.js#(May 8, 2017)#https://www.digitalocean.com/community/tutorials/cyclejs-intro-to-cycle-js
A Look at Scopes, Context, Object Reference and Instantiation in JavaScript#(February 25, 2019)#https://www.digitalocean.com/community/tutorials/js-object-reference-context-scope-instantiation
A Look at the Channel Messaging API#(April 16, 2020)#https://www.digitalocean.com/community/tutorials/js-channel-messaging-api
A Look at the JavaScript Console API#(April 16, 2020)#https://www.digitalocean.com/community/tutorials/js-console
A Look at the JavaScript Pipeline Operator Proposal#(April 16, 2020)#https://www.digitalocean.com/community/tutorials/js-pipeline-operator
A Page Progress Bar with JavaScript and CSS Variables#(April 16, 2020)#https://www.digitalocean.com/community/tutorials/js-progress-bar-javascript-css-variables
A Practical GraphQL Getting Started Guide with Node.js and Express#(April 29, 2020)#https://www.digitalocean.com/community/tutorials/a-practical-graphql-getting-started-guide-with-nodejs
A Quick Guide to the String Match Method in JavaScript#(January 7, 2020)#https://www.digitalocean.com/community/tutorials/js-string-match
A Quick Introduction to Hyperapp#(March 27, 2019)#https://www.digitalocean.com/community/tutorials/js-hyperapp
A Quick Introduction to the Yarn Package Manager#(October 12, 2020)#https://www.digitalocean.com/community/tutorials/js-yarn-package-manager-quick-intro
A Tour of the JavaScript Permissions API#(January 5, 2020)#https://www.digitalocean.com/community/tutorials/js-permissions-api
Accessing Elements in JavaScript with querySelector and querySelectorAll#(November 29, 2016)#https://www.digitalocean.com/community/tutorials/js-queryselector-queryselectorall
Accessing Rails APIs in JavaScript Clients Using Rails Ranger#(March 15, 2018)#https://www.digitalocean.com/community/tutorials/js-rails-ranger
An Introduction to Closures and Currying in JavaScript#(December 12, 2019)#https://www.digitalocean.com/community/tutorials/an-introduction-to-closures-and-currying-in-javascript
An Introduction to Computer Vision in JavaScript using OpenCV.js#(October 20, 2020)#https://www.digitalocean.com/community/tutorials/introduction-to-computer-vision-in-javascript-using-opencvjs
An Introduction to JSON#(August 24, 2022)#https://www.digitalocean.com/community/tutorials/an-introduction-to-json
An Introduction to jQuery#(August 1, 2022)#https://www.digitalocean.com/community/tutorials/an-introduction-to-jquery
Animations with the Canvas API - Part 2: Basic Collisions#(October 3, 2019)#https://www.digitalocean.com/community/tutorials/js-canvas-animations-collisions
Animations with the Canvas API - Part 3: Gravity and Dynamic Rendering#(October 6, 2019)#https://www.digitalocean.com/community/tutorials/js-canvas-animations-gravity
Beginner Sorting Algorithms in JavaScript: Bubble, Selection & Insertion Sort#(February 3, 2020)#https://www.digitalocean.com/community/tutorials/js-bubble-selection-insertion-sort
Best Practices for Debugging JavaScript Code in the Browser#(July 5, 2019)#https://www.digitalocean.com/community/tutorials/js-debugging-js-best-practices
Binary Heaps and Priority Queues via JavaScript#(April 5, 2020)#https://www.digitalocean.com/community/tutorials/js-binary-heaps
Binary Search Trees Through JavaScript#(March 3, 2020)#https://www.digitalocean.com/community/tutorials/js-binary-search-trees
Build a SSR App With Preact, Unistore, and Preact Router#(December 12, 2019)#https://www.digitalocean.com/community/tutorials/build-a-ssr-app-with-preact-unistore-and-preact-router
Built-in Web Modules: How to Use KV Storage#(March 22, 2019)#https://www.digitalocean.com/community/tutorials/js-kv-storage
Coding for Beginners: Tutorials to Help New Developers#(September 1, 2021)#https://www.digitalocean.com/community/tutorials/coding-for-beginners
Converting Arrays to Strings in JavaScript#(December 5, 2019)#https://www.digitalocean.com/community/tutorials/js-converting-arrays-to-strings
Copying Objects in JavaScript#(September 15, 2020)#https://www.digitalocean.com/community/tutorials/copying-objects-in-javascript
Creating Custom Forms Using the JavaScript FormData API#(February 6, 2020)#https://www.digitalocean.com/community/tutorials/js-formdata
Creating a Custom webpack Plugin#(October 16, 2019)#https://www.digitalocean.com/community/tutorials/js-create-custom-webpack-plugin
D3.js: Understanding Selections and Comparing with Vanilla JavaScript#(March 4, 2019)#https://www.digitalocean.com/community/tutorials/js-d3-selections
Dealing With Objects in JavaScript With Object.assign, Object.keys and hasOwnProperty#(September 29, 2017)#https://www.digitalocean.com/community/tutorials/js-dealing-with-objects
Default Parameters in JavaScript with ES6 / ES2015#(April 17, 2017)#https://www.digitalocean.com/community/tutorials/js-default-function-parameters
Don't Be Afraid of the JavaScript Stack Trace#(October 17, 2018)#https://www.digitalocean.com/community/tutorials/js-stack-trace
Download Canvas API-Generated Images Using toBlob#(March 16, 2020)#https://www.digitalocean.com/community/tutorials/js-canvas-toblob
Draw the Alligator.io SVG Logo with GreenSock#(September 19, 2019)#https://www.digitalocean.com/community/tutorials/js-draw-using-greensock
Drawing Shapes with the JavaScript Canvas API#(August 5, 2019)#https://www.digitalocean.com/community/tutorials/js-drawing-shapes-canvas-api
ES6 Modules and How to Use Import and Export in JavaScript#(September 4, 2020)#https://www.digitalocean.com/community/tutorials/js-modules-es6
Error Handling in JavaScript Using try...catch#(August 3, 2018)#https://www.digitalocean.com/community/tutorials/js-error-handling-try-catch
Exploring Async/Await Functions in JavaScript#(September 4, 2020)#https://www.digitalocean.com/community/tutorials/js-async-functions
Exploring Stacks and Queues via JavaScript#(February 23, 2020)#https://www.digitalocean.com/community/tutorials/js-stacks-queues
Exploring Trees via JavaScript#(February 23, 2020)#https://www.digitalocean.com/community/tutorials/js-trees
Exploring the JavaScript Date Object#(December 6, 2017)#https://www.digitalocean.com/community/tutorials/js-date-object
Exploring the indexOf Method for Strings and Arrays in JavaScript#(December 17, 2019)#https://www.digitalocean.com/community/tutorials/js-indexof
First Steps with the Cache API#(August 20, 2018)#https://www.digitalocean.com/community/tutorials/js-cache-api
Flatten Arrays in Vanilla JavaScript with flat() and flatMap()#(September 28, 2018)#https://www.digitalocean.com/community/tutorials/js-flat-flatmap
For Loops, For...Of Loops and For...In Loops in JavaScript#(August 26, 2021)#https://www.digitalocean.com/community/tutorials/for-loops-for-of-loops-and-for-in-loops-in-javascript
Four Methods to Search Through Arrays in JavaScript#(December 15, 2021)#https://www.digitalocean.com/community/tutorials/js-array-search-methods
Generator Functions in JavaScript with ES6 / ES2015#(November 7, 2016)#https://www.digitalocean.com/community/tutorials/js-generator-functions-es6
Get to Know React's New Context API#(January 7, 2022)#https://www.digitalocean.com/community/tutorials/get-to-know-reacts-new-context-api
Getting Started With Angular Using the Angular CLI#(May 6, 2022)#https://www.digitalocean.com/community/tutorials/getting-started-with-angular-using-the-angular-cli
Getting Started with Data Visualization Using JavaScript and the D3 Library#(December 28, 2016)#https://www.digitalocean.com/community/tutorials/getting-started-with-data-visualization-using-javascript-and-the-d3-library
Getting Started with ES6 Arrow Functions in JavaScript#(December 12, 2019)#https://www.digitalocean.com/community/tutorials/getting-started-with-es6-arrow-functions-in-javascript
Getting Started with NestJS#(December 12, 2019)#https://www.digitalocean.com/community/tutorials/getting-started-with-nestjs
Getting Started with Service Workers#(August 15, 2018)#https://www.digitalocean.com/community/tutorials/js-service-workers
Getting Started with Svelte 3#(December 12, 2019)#https://www.digitalocean.com/community/tutorials/getting-started-with-svelte-3
Going Native with the Web Notifications API#(February 12, 2020)#https://www.digitalocean.com/community/tutorials/js-notifications-api
Holmes: Fast Page Searching#(June 28, 2016)#https://www.digitalocean.com/community/tutorials/js-holmes-search-inside-page
How Deep Cloning Objects in JavaScript Works#(October 27, 2020)#https://www.digitalocean.com/community/tutorials/js-deep-cloning-javascript-objects
How To Access Elements in the DOM#(June 23, 2022)#https://www.digitalocean.com/community/tutorials/how-to-access-elements-in-the-dom
How To Access Front and Rear Cameras with JavaScript's getUserMedia()#(May 27, 2020)#https://www.digitalocean.com/community/tutorials/front-and-rear-camera-access-with-javascripts-getusermedia
How To Add Charts to SolidJS Using ApexCharts#(December 2, 2022)#https://www.digitalocean.com/community/tutorials/how-to-add-charts-to-solidjs-using-apexcharts
How To Add JavaScript to HTML#(August 20, 2021)#https://www.digitalocean.com/community/tutorials/how-to-add-javascript-to-html
How To Add Loading Indicators to a Vue.js Application#(September 24, 2020)#https://www.digitalocean.com/community/tutorials/add-loading-indicators-to-your-vuejs-application
How To Add Login Authentication to React Applications#(December 2, 2020)#https://www.digitalocean.com/community/tutorials/how-to-add-login-authentication-to-react-applications
How To Add Stimulus to a Ruby on Rails Application#(October 1, 2019)#https://www.digitalocean.com/community/tutorials/how-to-add-stimulus-to-a-ruby-on-rails-application
How To Add v-model Support to Custom Vue.js Components#(October 28, 2020)#https://www.digitalocean.com/community/tutorials/how-to-add-v-model-support-to-custom-vue-js-components
How To Animate Elements Along SVG Paths with the PathSlider Library#(December 12, 2019)#https://www.digitalocean.com/community/tutorials/how-to-animate-elements-along-svg-paths-with-the-pathslider-library
How To Apply React Hooks in a React Project#(October 26, 2020)#https://www.digitalocean.com/community/tutorials/getting-started-with-react-hooks
How To Automate Your Node.js Production Deployments with Shipit on CentOS 7#(February 26, 2020)#https://www.digitalocean.com/community/tutorials/how-to-automate-your-node-js-production-deployments-with-shipit-on-centos-7
How To Avoid Performance Pitfalls in React with memo, useMemo, and useCallback#(December 11, 2020)#https://www.digitalocean.com/community/tutorials/how-to-avoid-performance-pitfalls-in-react-with-memo-usememo-and-usecallback     
How To Boost SEO Using Gatsby's SEO Component and Gatsby React Helmet#(April 12, 2021)#https://www.digitalocean.com/community/tutorials/how-to-boost-seo-using-gatsby-s-seo-component-and-gatsby-react-helmet
How To Build Custom Pagination with React#(September 17, 2020)#https://www.digitalocean.com/community/tutorials/how-to-build-custom-pagination-with-react
How To Build Forms in React#(September 24, 2020)#https://www.digitalocean.com/community/tutorials/how-to-build-forms-in-react
How To Build JS Components with Storybook#(March 31, 2021)#https://www.digitalocean.com/community/tutorials/how-to-build-js-components-with-storybook
How To Build Progressive Web Apps with Angular#(July 9, 2020)#https://www.digitalocean.com/community/tutorials/how-to-build-progressive-web-apps-with-angular
How To Build a Blog With Vue, GraphQL, and Apollo Client#(December 12, 2019)#https://www.digitalocean.com/community/tutorials/how-to-build-a-blog-with-vue-graphql-and-apollo-client
How To Build a Blog with Nest.js, MongoDB, and Vue.js#(February 27, 2019)#https://www.digitalocean.com/community/tutorials/how-to-build-a-blog-with-nest-js-mongodb-and-vue-js
How To Build a Bookstore Landing Page with Gatsby and TypeScript#(July 22, 2021)#https://www.digitalocean.com/community/tutorials/how-to-build-a-bookstore-landing-page-with-gatsby-and-typescript
How To Build a Concurrent Web Scraper with Puppeteer, Node.js, Docker, and Kubernetes#(August 19, 2020)#https://www.digitalocean.com/community/tutorials/how-to-build-a-concurrent-web-scraper-with-puppeteer-node-js-docker-and-kubernetes
How To Build a Countdown Timer in JavaScript#(October 21, 2020)#https://www.digitalocean.com/community/tutorials/js-building-countdown-timer
How To Build a Custom Sitemap for Your Gatsby.js Site#(December 12, 2019)#https://www.digitalocean.com/community/tutorials/building-a-custom-sitemap-for-your-gatsbyjs-site
How To Build a Custom Toggle Switch with React#(June 9, 2020)#https://www.digitalocean.com/community/tutorials/how-to-build-a-custom-toggle-switch-with-react
How To Build a Discord Bot with Node.js#(January 18, 2022)#https://www.digitalocean.com/community/tutorials/how-to-build-a-discord-bot-with-node-js
How To Build a Documentation System with Vue and VuePress#(November 22, 2021)#https://www.digitalocean.com/community/tutorials/how-to-build-a-documentation-system-with-vue-and-vuepress
How To Build a Download Button with Microinteractions with CSS, anime.js, and segment.js#(December 12, 2019)#https://www.digitalocean.com/community/tutorials/how-to-build-a-download-button-with-microinteractions-with-css-anime-js-and-segment-js
How To Build a File Handling App in GraphQL and Vue#(December 12, 2019)#https://www.digitalocean.com/community/tutorials/how-to-build-a-file-handling-app-in-graphql-and-vue
How To Build a GraphQL Server in Node.js Using GraphQL-yoga and MongoDB#(December 12, 2019)#https://www.digitalocean.com/community/tutorials/how-to-build-a-graphql-server-in-node-js-using-graphql-yoga-and-mongodb
How To Build a Jamstack Portfolio with Angular 11 and Scully#(December 15, 2021)#https://www.digitalocean.com/community/tutorials/how-to-build-a-jamstack-portfolio-with-angular-11-and-scully
How To Build a Media Processing API in Node.js With Express and FFmpeg.wasm#(October 16, 2021)#https://www.digitalocean.com/community/tutorials/how-to-build-a-media-processing-api-in-node-js-with-express-and-ffmpeg-wasm
How To Build a Password Strength Meter in React#(April 10, 2020)#https://www.digitalocean.com/community/tutorials/how-to-build-a-password-strength-meter-in-react
How To Build a Photo Search App with React Using the Unsplash API#(September 18, 2020)#https://www.digitalocean.com/community/tutorials/how-to-build-a-photo-search-app-with-react-using-the-unsplash-api
How To Build a React To-Do App with React Hooks#(September 17, 2020)#https://www.digitalocean.com/community/tutorials/how-to-build-a-react-to-do-app-with-react-hooks
How To Build a Recipe App Using React, Prisma, and GraphQL#(December 12, 2019)#https://www.digitalocean.com/community/tutorials/how-to-build-a-recipe-app-using-react-prisma-and-graphql
How To Build a Search Bar with RxJS#(April 19, 2019)#https://www.digitalocean.com/community/tutorials/how-to-build-a-search-bar-with-rxjs
How To Build a Shopping Cart with Vue 3 and Vuex#(February 18, 2021)#https://www.digitalocean.com/community/tutorials/how-to-build-a-shopping-cart-with-vue-3-and-vuex
How To Build a Telegram Quotes Generator Bot With Node.js, Telegraf, Jimp, and Pexels#(November 5, 2021)#https://www.digitalocean.com/community/tutorials/how-to-build-a-telegram-quotes-generator-bot-with-node-js-telegraf-jimp-and-pexels
How To Build a Text-to-Speech App with Web Speech API#(June 9, 2021)#https://www.digitalocean.com/community/tutorials/how-to-build-a-text-to-speech-app-with-web-speech-api
How To Build a To-Do application Using Django and React#(February 17, 2021)#https://www.digitalocean.com/community/tutorials/build-a-to-do-application-using-django-and-react
How To Build a UI Component with React and Storybook#(June 8, 2021)#https://www.digitalocean.com/community/tutorials/how-to-build-a-ui-component-with-react-and-storybook
How To Build a Universal Application with Nuxt.js and Django#(June 9, 2021)#https://www.digitalocean.com/community/tutorials/how-to-build-a-universal-application-with-nuxt-js-and-django
How To Build a Weather App with Angular, Bootstrap, and the APIXU API#(February 27, 2019)#https://www.digitalocean.com/community/tutorials/how-to-build-a-weather-app-with-angular-bootstrap-and-the-apixu-api
How To Build an Inspirational Quote Application Using AdonisJs and MySQL#(November 22, 2019)#https://www.digitalocean.com/community/tutorials/how-to-build-an-inspirational-quote-application-using-adonisjs-and-mysql
How To Call Web APIs with the useEffect Hook in React#(October 6, 2020)#https://www.digitalocean.com/community/tutorials/how-to-call-web-apis-with-the-useeffect-hook-in-react
How To Code in Node.js eBook#(December 14, 2020)#https://www.digitalocean.com/community/books/how-to-code-in-node-js-ebook
How To Code in React.js eBook#(July 30, 2021)#https://www.digitalocean.com/community/books/how-to-code-in-react-js-ebook
How To Convert Data Types in JavaScript#(August 24, 2021)#https://www.digitalocean.com/community/tutorials/how-to-convert-data-types-in-javascript
How To Convert React Class Components to Functional Components with React Hooks#(September 16, 2020)#https://www.digitalocean.com/community/tutorials/five-ways-to-convert-react-class-components-to-functional-components-with-react-hooks
How To Convert a Gatsby Site to a Progressive Web App#(July 22, 2021)#https://www.digitalocean.com/community/tutorials/how-to-convert-a-gatsby-site-to-a-progressive-web-app
How To Count Vowels in a String of Text Using JavaScript Algorithms#(April 7, 2021)#https://www.digitalocean.com/community/tutorials/how-to-count-vowels-in-a-string-of-text-using-javascript-algorithms
How To Create A Social Follow Component in React#(December 12, 2019)#https://www.digitalocean.com/community/tutorials/creating-a-social-follow-component-in-react
How To Create Animated React Apps With React Spring#(December 12, 2019)#https://www.digitalocean.com/community/tutorials/create-animated-react-apps-with-react-spring
How To Create Background Effects with tsParticles#(October 27, 2020)#https://www.digitalocean.com/community/tutorials/how-to-add-v-model-support-to-custom-vue-js-components
How To Create Custom Components in React#(April 16, 2020)#https://www.digitalocean.com/community/tutorials/how-to-create-custom-components-in-react
How To Create Custom Types in TypeScript#(March 25, 2021)#https://www.digitalocean.com/community/tutorials/how-to-create-custom-types-in-typescript
How To Create Drag and Drop Elements with Vanilla JavaScript and HTML#(July 27, 2020)#https://www.digitalocean.com/community/tutorials/js-drag-and-drop-vanilla-js
How To Create Multistep Forms With React and Semantic UI#(August 30, 2021)#https://www.digitalocean.com/community/tutorials/how-to-create-multistep-forms-with-react-and-semantic-ui
How To Create React Elements with JSX#(April 13, 2020)#https://www.digitalocean.com/community/tutorials/how-to-create-react-elements-with-jsx
How To Create Reusable Blocks of Code with Vue Single-File Components#(April 7, 2021)#https://www.digitalocean.com/community/tutorials/how-to-create-reusable-blocks-of-code-with-vue-single-file-components
How To Create User Interactions with Events in Vue#(May 28, 2021)#https://www.digitalocean.com/community/tutorials/how-to-create-user-interactions-with-events-in-vue
How To Create Wrapper Components in React with Props#(May 18, 2020)#https://www.digitalocean.com/community/tutorials/how-to-create-wrapper-components-in-react-with-props
How To Create Your First Cross-Platform Desktop Application with Electron on macOS#(August 26, 2020)#https://www.digitalocean.com/community/tutorials/how-to-create-your-first-cross-platform-desktop-application-with-electron-on-macos
How To Create a Custom Source Plugin in Gatsby#(September 24, 2021)#https://www.digitalocean.com/community/tutorials/how-to-create-a-custom-source-plugin-in-gatsby
How To Create a Fade-In Page Transition Effect with JavaScript and CSS#(December 28, 2020)#https://www.digitalocean.com/community/tutorials/js-simple-page-fade-in
How To Create a Node.js Module#(December 2, 2019)#https://www.digitalocean.com/community/tutorials/how-to-create-a-node-js-module
How To Create a Web Server in Node.js with the HTTP Module#(April 10, 2020)#https://www.digitalocean.com/community/tutorials/how-to-create-a-web-server-in-node-js-with-the-http-module
How To Create an HTTP Client with Core HTTP in Node.js#(October 7, 2020)#https://www.digitalocean.com/community/tutorials/how-to-create-an-http-client-with-core-http-in-node-js
How To Customize React Components with Props#(March 23, 2022)#https://www.digitalocean.com/community/tutorials/how-to-customize-react-components-with-props
How To Debug Components, State, and Events with Vue.js Devtools#(January 26, 2022)#https://www.digitalocean.com/community/tutorials/how-to-debug-components-state-and-events-with-vue-js-devtools
How To Debug Node.js with the Built-In Debugger and Chrome DevTools#(June 24, 2020)#https://www.digitalocean.com/community/tutorials/how-to-debug-node-js-with-the-built-in-debugger-and-chrome-devtools
How To Debug React Components Using React Developer Tools#(August 28, 2020)#https://www.digitalocean.com/community/tutorials/how-to-debug-react-components-using-react-developer-tools
How To Define Functions in JavaScript#(August 26, 2021)#https://www.digitalocean.com/community/tutorials/how-to-define-functions-in-javascript
How To Deploy a Gatsby Application to DigitalOcean App Platform#(March 27, 2021)#https://www.digitalocean.com/community/tutorials/how-to-deploy-a-gatsby-application-to-digitalocean-app-platform
How To Deploy a React Application to DigitalOcean App Platform#(December 28, 2021)#https://www.digitalocean.com/community/tutorials/how-to-deploy-a-react-application-to-digitalocean-app-platform
How To Deploy a React Application with Nginx on Ubuntu 20.04#(June 14, 2022)#https://www.digitalocean.com/community/tutorials/how-to-deploy-a-react-application-with-nginx-on-ubuntu-20-04
How To Develop a Node.js TCP Server Application using PM2 and Nginx on Ubuntu 16.04#(July 24, 2018)#https://www.digitalocean.com/community/tutorials/how-to-develop-a-node-js-tcp-server-application-using-pm2-and-nginx-on-ubuntu-16-04
How To Develop an Interactive File Uploader with JavaScript and Canvas#(December 12, 2019)#https://www.digitalocean.com/community/tutorials/how-to-develope-a-creative-upload-interaction-with-javascript-and-canvas
How To Do Math in JavaScript with Operators#(August 24, 2021)#https://www.digitalocean.com/community/tutorials/how-to-do-math-in-javascript-with-operators
How To Embed a React Application in WordPress on Ubuntu 18.04#(August 27, 2019)#https://www.digitalocean.com/community/tutorials/how-to-embed-a-react-application-in-wordpress-on-ubuntu-18-04
How To Enable Linting on Save with Visual Studio Code and ESLint#(August 27, 2021)#https://www.digitalocean.com/community/tutorials/workflow-auto-eslinting
How To Encode and Decode Strings with Base64 in JavaScript#(December 6, 2021)#https://www.digitalocean.com/community/tutorials/how-to-encode-and-decode-strings-with-base64-in-javascript
How To Generate Pages from Markdown in Gatsby#(August 17, 2021)#https://www.digitalocean.com/community/tutorials/how-to-generate-pages-from-markdown-in-gatsby
How To Generate a Resource Identifier with Checksum#(November 7, 2022)#https://www.digitalocean.com/community/tutorials/how-to-generate-a-resource-identifier-with-checksum
How To Generate a Vue.js Single Page App With the Vue CLI#(January 11, 2021)#https://www.digitalocean.com/community/tutorials/how-to-generate-a-vue-js-single-page-app-with-vue-create
How To Get Started with the MERN Stack#(August 31, 2021)#https://www.digitalocean.com/community/tutorials/getting-started-with-the-mern-stack
How To Handle Async Data Loading, Lazy Loading, and Code Splitting with React#(October 2, 2020)#https://www.digitalocean.com/community/tutorials/how-to-handle-async-data-loading-lazy-loading-and-code-splitting-with-react
How To Handle Asynchronous Tasks with Node.js and BullMQ#(January 13, 2023)#https://www.digitalocean.com/community/tutorials/how-to-handle-asynchronous-tasks-with-node-js-and-bullmq
How To Handle CPU-Bound Tasks with Web Workers#(October 27, 2022)#https://www.digitalocean.com/community/tutorials/how-to-handle-cpu-bound-tasks-with-web-workers
How To Handle DOM and Window Events with React#(August 28, 2020)#https://www.digitalocean.com/community/tutorials/how-to-handle-dom-and-window-events-with-react
How To Handle Routing in React Apps with React Router#(October 29, 2020)#https://www.digitalocean.com/community/tutorials/how-to-handle-routing-in-react-apps-with-react-router
How To Implement API Authentication with JSON Web Tokens and Passport#(September 24, 2020)#https://www.digitalocean.com/community/tutorials/api-authentication-with-json-web-tokensjwt-and-passport
How To Implement Authentication in a Nuxt.js App#(September 11, 2020)#https://www.digitalocean.com/community/tutorials/implementing-authentication-in-nuxtjs-app
How To Implement JavaScript Array Methods From Scratch#(April 10, 2020)#https://www.digitalocean.com/community/tutorials/how-to-implement-javascript-array-methods-from-scratch
How To Implement Smooth Scrolling in React#(May 19, 2020)#https://www.digitalocean.com/community/tutorials/how-to-implement-smooth-scrolling-in-react
How To Index, Split, and Manipulate Strings in JavaScript#(August 24, 2021)#https://www.digitalocean.com/community/tutorials/how-to-index-split-and-manipulate-strings-in-javascript
How To Install Node.js on CentOS 8#(April 1, 2020)#https://www.digitalocean.com/community/tutorials/how-to-install-node-js-on-centos-8
How To Install Node.js on Debian 8#(December 7, 2016)#https://www.digitalocean.com/community/tutorials/how-to-install-node-js-on-debian-8
How To Install Node.js on Rocky Linux 8#(August 2, 2022)#https://www.digitalocean.com/community/tutorials/how-to-install-node-js-on-rocky-linux-8
How To Install Node.js on Ubuntu 20.04#(January 23, 2023)#https://www.digitalocean.com/community/tutorials/how-to-install-node-js-on-ubuntu-20-04
How To Install Node.js on Ubuntu 22.04#(April 28, 2022)#https://www.digitalocean.com/community/tutorials/how-to-install-node-js-on-ubuntu-22-04
How To Install and Use the Yarn Package Manager for Node.js#(August 10, 2021)#https://www.digitalocean.com/community/tutorials/how-to-install-and-use-the-yarn-package-manager-for-node-js
How To Install the Deno JavaScript Runtime on Ubuntu 20.04#(August 27, 2021)#https://www.digitalocean.com/community/tutorials/how-to-install-the-deno-javascript-runtime-on-ubuntu-20-04
How To Launch Child Processes in Node.js#(July 31, 2020)#https://www.digitalocean.com/community/tutorials/how-to-launch-child-processes-in-node-js
How To Make Changes to the DOM#(December 27, 2017)#https://www.digitalocean.com/community/tutorials/how-to-make-changes-to-the-dom
How To Make Netflix-Like Swipers in Vue#(December 12, 2019)#https://www.digitalocean.com/community/tutorials/how-to-make-netflix-like-swipers-in-vue
How To Make Your Vue.js Application DRY with Slots, Mixins, and Composition API#(December 3, 2021)#https://www.digitalocean.com/community/tutorials/how-to-make-your-vue-js-application-dry-with-slots-mixins-and-composition-api    
How To Manage Monorepos With Lerna#(June 30, 2022)#https://www.digitalocean.com/community/tutorials/how-to-manage-monorepos-with-lerna
How To Manage State in React with Redux#(October 20, 2020)#https://www.digitalocean.com/community/tutorials/how-to-manage-state-in-react-with-redux
How To Manage State in a Vue.js Application with Vuex#(September 30, 2021)#https://www.digitalocean.com/community/tutorials/how-to-manage-state-in-a-vue-js-application-with-vuex
How To Manage State on React Class Components#(June 30, 2020)#https://www.digitalocean.com/community/tutorials/how-to-manage-state-on-react-class-components
How To Manage State with Hooks on React Components#(July 14, 2020)#https://www.digitalocean.com/community/tutorials/how-to-manage-state-with-hooks-on-react-components
How To Modify Attributes, Classes, and Styles in the DOM#(July 5, 2022)#https://www.digitalocean.com/community/tutorials/how-to-modify-attributes-classes-and-styles-in-the-dom
How To Modify CSS Classes in JavaScript#(October 14, 2020)#https://www.digitalocean.com/community/tutorials/js-classlist
How To Navigate Between Views with Vue Router#(March 22, 2021)#https://www.digitalocean.com/community/tutorials/how-to-navigate-between-views-with-vue-router
How To Read and Process Files with the JavaScript FileReader API#(April 22, 2021)#https://www.digitalocean.com/community/tutorials/js-file-reader
How To Render CSS on React App Servers#(June 1, 2021)#https://www.digitalocean.com/community/tutorials/rendering-css-on-servers-for-nextjs-react-apps
How To Replace All Instances of a String in JavaScript#(October 28, 2020)#https://www.digitalocean.com/community/tutorials/replace-all-instances-of-a-string-in-javascript
How To Scale Node.js Applications with Clustering#(February 10, 2023)#https://www.digitalocean.com/community/tutorials/how-to-scale-node-js-applications-with-clustering
How To Schedule Tasks With setTimeout() and setInterval() in JavaScript#(December 23, 2020)#https://www.digitalocean.com/community/tutorials/js-settimeout-setinterval
How To Scrape a Website Using Node.js and Puppeteer#(August 13, 2020)#https://www.digitalocean.com/community/tutorials/how-to-scrape-a-website-using-node-js-and-puppeteer
How To Secure React Applications Against XSS Attacks with HTTP-Only Cookies#(September 21, 2022)#https://www.digitalocean.com/community/tutorials/how-to-secure-react-applications-against-xss-attacks-with-http-only-cookies        
How To Set Up Conditional and Responsive Routing with React Router v4#(September 24, 2020)#https://www.digitalocean.com/community/tutorials/how-to-set-up-conditional-and-responsive-routing-with-react-router-v4
How To Set Up React Using Webpack 4 and Babel 7#(December 12, 2019)#https://www.digitalocean.com/community/tutorials/settingup-reactjs-using-webpack-4-and-babel-7-the-definitive-guide
How To Set Up Your First Gatsby Website#(October 25, 2021)#https://www.digitalocean.com/community/tutorials/how-to-set-up-your-first-gatsby-website
How To Set Up a Gatsby Project with TypeScript#(July 14, 2021)#https://www.digitalocean.com/community/tutorials/how-to-set-up-a-gatsby-project-with-typescript
How To Set Up a Node.js Application for Production on Ubuntu 20.04#(March 31, 2021)#https://www.digitalocean.com/community/tutorials/how-to-set-up-a-node-js-application-for-production-on-ubuntu-20-04
How To Set Up a React Project With Parcel#(June 8, 2021)#https://www.digitalocean.com/community/tutorials/how-to-set-up-a-react-project-with-parcel
How To Set Up a React Project with Create React App#(March 30, 2020)#https://www.digitalocean.com/community/tutorials/how-to-set-up-a-react-project-with-create-react-app
How To Set Up a React Project with Vite#(January 23, 2023)#https://www.digitalocean.com/community/tutorials/how-to-set-up-a-react-project-with-vite
How To Share State Across React Components with Context#(July 22, 2020)#https://www.digitalocean.com/community/tutorials/how-to-share-state-across-react-components-with-context
How To Style React Components#(June 9, 2020)#https://www.digitalocean.com/community/tutorials/how-to-style-react-components
How To Submit AJAX Forms with JQuery#(March 17, 2021)#https://www.digitalocean.com/community/tutorials/submitting-ajax-forms-with-jquery
How To Test a Node.js Module with Mocha and Assert#(March 16, 2020)#https://www.digitalocean.com/community/tutorials/how-to-test-a-node-js-module-with-mocha-and-assert
How To Test a React App with Jest and React Testing Library#(May 9, 2022)#https://www.digitalocean.com/community/tutorials/how-to-test-a-react-app-with-jest-and-react-testing-library
How To Traverse the DOM#(December 5, 2017)#https://www.digitalocean.com/community/tutorials/how-to-traverse-the-dom
How To Troubleshoot 'ReferenceError', 'SyntaxError' and 'TypeError' in JavaScript#(January 24, 2023)#https://www.digitalocean.com/community/tutorials/how-to-troubleshoot-referenceerror-syntaxerror-and-typeerror-in-javascript     
How To Upload a File to Object Storage with Node.js#(November 24, 2017)#https://www.digitalocean.com/community/tutorials/how-to-upload-a-file-to-object-storage-with-node-js
How To Use .every() and .some() to Manipulate JavaScript Arrays#(December 12, 2019)#https://www.digitalocean.com/community/tutorials/using-every-and-some-to-manipulate-javascript-arrays
How To Use .map() to Iterate Through Array Items in JavaScript#(August 24, 2021)#https://www.digitalocean.com/community/tutorials/4-uses-of-javascripts-arraymap-you-should-know
How To Use Array Methods in JavaScript: Accessor Methods#(August 25, 2021)#https://www.digitalocean.com/community/tutorials/how-to-use-array-methods-in-javascript-accessor-methods
How To Use Array Methods in JavaScript: Iteration Methods#(August 25, 2021)#https://www.digitalocean.com/community/tutorials/how-to-use-array-methods-in-javascript-iteration-methods
How To Use Array Methods in JavaScript: Mutator Methods#(August 25, 2021)#https://www.digitalocean.com/community/tutorials/how-to-use-array-methods-in-javascript-mutator-methods
How To Use Axios with JavaScript#(March 17, 2021)#https://www.digitalocean.com/community/tutorials/js-axios-vanilla-js
How To Use Basic Types in TypeScript#(March 16, 2021)#https://www.digitalocean.com/community/tutorials/how-to-use-basic-types-in-typescript
How To Use Built-In and Custom Directives in Vue.js#(August 12, 2021)#https://www.digitalocean.com/community/tutorials/how-to-use-built-in-and-custom-directives-in-vue-js
How To Use Classes in TypeScript#(July 9, 2021)#https://www.digitalocean.com/community/tutorials/how-to-use-classes-in-typescript
How To Use Decorators in TypeScript#(September 17, 2021)#https://www.digitalocean.com/community/tutorials/how-to-use-decorators-in-typescript
How To Use Destructuring Assignment In JavaScript#(December 12, 2019)#https://www.digitalocean.com/community/tutorials/how-to-use-destructuring-assignment-in-javascript
How To Use EJS to Template Your Node Application#(May 5, 2021)#https://www.digitalocean.com/community/tutorials/how-to-use-ejs-to-template-your-node-application
How To Use Enums in TypeScript#(June 14, 2021)#https://www.digitalocean.com/community/tutorials/how-to-use-enums-in-typescript
How To Use Font Awesome 5 with React#(May 14, 2020)#https://www.digitalocean.com/community/tutorials/how-to-use-font-awesome-5-with-react
How To Use Form Validation in Vue#(December 12, 2019)#https://www.digitalocean.com/community/tutorials/how-to-use-form-validation-in-vue
How To Use Functions in TypeScript#(April 13, 2021)#https://www.digitalocean.com/community/tutorials/how-to-use-functions-in-typescript
How To Use Generics in TypeScript#(November 16, 2021)#https://www.digitalocean.com/community/tutorials/how-to-use-generics-in-typescript
How To Use Interfaces in TypeScript#(October 1, 2021)#https://www.digitalocean.com/community/tutorials/how-to-use-interfaces-in-typescript
How To Use JSON.parse() and JSON.stringify()#(November 24, 2021)#https://www.digitalocean.com/community/tutorials/js-json-parse-stringify
How To Use JavaScript Unary Operators#(April 14, 2021)#https://www.digitalocean.com/community/tutorials/javascript-unary-operators-simple-and-useful
How To Use Modules in TypeScript#(February 7, 2022)#https://www.digitalocean.com/community/tutorials/how-to-use-modules-in-typescript
How To Use Multithreading in Node.js#(August 5, 2022)#https://www.digitalocean.com/community/tutorials/how-to-use-multithreading-in-node-js
How To Use Namespaces in TypeScript#(February 1, 2022)#https://www.digitalocean.com/community/tutorials/how-to-use-namespaces-in-typescript
How To Use Object Methods in JavaScript#(August 26, 2021)#https://www.digitalocean.com/community/tutorials/how-to-use-object-methods-in-javascript
How To Use RxJS Subjects, Behavior Subjects, and Replay Subjects#(August 2, 2021)#https://www.digitalocean.com/community/tutorials/rxjs-subjects
How To Use Server-Side Rendering with Nuxt.js#(February 16, 2022)#https://www.digitalocean.com/community/tutorials/how-to-write-and-run-your-first-program-in-node-js
How To Use Static Files in Gatsby#(October 22, 2021)#https://www.digitalocean.com/community/tutorials/how-to-use-static-files-in-gatsby
How To Use The Apollo Client GraphQL with Angular 4+#(December 12, 2019)#https://www.digitalocean.com/community/tutorials/using-apollo-client-graphql-with-angular-4
How To Use Themes in Gatsby#(October 2, 2021)#https://www.digitalocean.com/community/tutorials/how-to-use-themes-in-gatsby
How To Use Typescript with Create React App#(April 2, 2021)#https://www.digitalocean.com/community/tutorials/using-create-react-app-v2-and-typescript
How To Use Vue.js Environment Modes with a Node.js Mock Data Layer#(February 11, 2021)#https://www.digitalocean.com/community/tutorials/how-to-use-vue-js-environment-modes-with-a-node-js-mock-data-layer
How To Use WordPress Content with a Gatsby.js Application#(June 29, 2021)#https://www.digitalocean.com/community/tutorials/how-to-use-wordpress-content-with-a-gatsby-js-application
How To Use map(), filter(), and reduce() in JavaScript#(December 22, 2020)#https://www.digitalocean.com/community/tutorials/js-map-array-method
How To Use node-cron to Run Scheduled Jobs in Node.js#(December 1, 2021)#https://www.digitalocean.com/community/tutorials/nodejs-cron-jobs-by-examples
How To Use the JavaScript Developer Console#(May 19, 2022)#https://www.digitalocean.com/community/tutorials/how-to-use-the-javascript-developer-console
How To Use the Node.js REPL#(March 18, 2022)#https://www.digitalocean.com/community/tutorials/how-to-use-the-node-js-repl
How To Use the Resize Observer JavaScript API#(December 22, 2020)#https://www.digitalocean.com/community/tutorials/js-resize-observer
How To Use the Switch Statement in JavaScript#(August 26, 2021)#https://www.digitalocean.com/community/tutorials/how-to-use-the-switch-statement-in-javascript
How To Use the filter() Array Method in JavaScript#(August 26, 2021)#https://www.digitalocean.com/community/tutorials/js-filter-array-method
How To Validate Forms in Vue.js#(August 14, 2020)#https://www.digitalocean.com/community/tutorials/template-driven-form-validation-in-vuejs
How To Work With Singletons in JavaScript#(December 28, 2020)#https://www.digitalocean.com/community/tutorials/js-js-singletons
How To Work With Zip Files in Node.js#(December 16, 2021)#https://www.digitalocean.com/community/tutorials/how-to-work-with-zip-files-in-node-js
How To Work with Files Using Streams in Node.js#(March 16, 2022)#https://www.digitalocean.com/community/tutorials/how-to-work-with-files-using-streams-in-node-js
How To Work with Files using the fs Module in Node.js#(September 9, 2020)#https://www.digitalocean.com/community/tutorials/how-to-work-with-files-using-the-fs-module-in-node-js
How To Work with JSON in JavaScript#(August 26, 2021)#https://www.digitalocean.com/community/tutorials/how-to-work-with-json-in-javascript
How To Work with Strings in JavaScript#(August 24, 2021)#https://www.digitalocean.com/community/tutorials/how-to-work-with-strings-in-javascript
How To Write Asynchronous Code in Node.js#(February 5, 2020)#https://www.digitalocean.com/community/tutorials/how-to-write-asynchronous-code-in-node-js
How To Write Comments in JavaScript#(August 30, 2021)#https://www.digitalocean.com/community/tutorials/how-to-write-comments-in-javascript
How To Write Conditional Statements in JavaScript#(August 26, 2021)#https://www.digitalocean.com/community/tutorials/how-to-write-conditional-statements-in-javascript
How To Write End-to-End Tests in Node.js Using Puppeteer and Jest#(March 15, 2022)#https://www.digitalocean.com/community/tutorials/how-to-write-end-to-end-tests-in-node-js-using-puppeteer-and-jest
How To Write Snapshot Tests For React Components With Jest#(August 14, 2020)#https://www.digitalocean.com/community/tutorials/how-to-write-snapshot-tests-for-react-components-with-jest
How To Write Your First JavaScript Program#(August 23, 2021)#https://www.digitalocean.com/community/tutorials/how-to-write-your-first-javascript-program
How To Write and Run Your First Program in Node.js#(March 18, 2022)#https://www.digitalocean.com/community/tutorials/how-to-install-node-js-on-ubuntu-22-04
How to Build a PWA in Vanilla JavaScript#(February 17, 2020)#https://www.digitalocean.com/community/tutorials/js-vanilla-pwa
How to Dynamically Import JavaScript with Import Maps#(October 13, 2021)#https://www.digitalocean.com/community/tutorials/how-to-dynamically-import-javascript-with-import-maps
How to Generate a Short and Unique Digital Address for Any Location Using AngularJS and PHP#(August 17, 2018)#https://www.digitalocean.com/community/tutorials/how-to-generate-short-unique-digital-address-any-location-angularjs-php
How to Get Started With the JavaScript Performance API#(December 25, 2019)#https://www.digitalocean.com/community/tutorials/js-js-performance-api
How to Integrate the Google Maps API into React Applications#(September 11, 2020)#https://www.digitalocean.com/community/tutorials/how-to-integrate-the-google-maps-api-into-react-applications
How to Set Up, Build, and Deploy Native Apps with Vue#(August 19, 2020)#https://www.digitalocean.com/community/tutorials/how-to-set-up-build-and-deploy-native-apps-with-vue
How to Use Node.js and Github Webhooks to Keep Remote Projects in Sync#(August 31, 2018)#https://www.digitalocean.com/community/tutorials/how-to-use-node-js-and-github-webhooks-to-keep-remote-projects-in-sync
How to Use Vue.js and Axios to Display Data from an API#(August 1, 2022)#https://www.digitalocean.com/community/tutorials/how-to-use-vue-js-and-axios-to-display-data-from-an-api
How to Use localForage for Easy Async Browser Storage#(February 27, 2020)#https://www.digitalocean.com/community/tutorials/js-localforage
How to Wrap a Vanilla JavaScript Package for Use in React#(July 22, 2021)#https://www.digitalocean.com/community/tutorials/wrap-a-vanilla-javascript-package-for-use-in-react
How to integrate user authentication in a SolidJS app using Supabase#(July 19, 2023)#https://www.digitalocean.com/community/tutorials/how-to-integrate-user-authentication-in-a-solidjs-app-using-supabase
How to use the BroadcastChannel API in JavaScript#(January 13, 2020)#https://www.digitalocean.com/community/tutorials/js-broadcastchannel-api
Immediately-invoked function expressions#(January 27, 2016)#https://www.digitalocean.com/community/tutorials/js-immediately-invoked-function-expression
Implementing a Tab Component from Scratch in Vanilla JavaScript#(February 24, 2020)#https://www.digitalocean.com/community/tutorials/js-tabs
Intro to Linked Lists via JavaScript - Part 1: Overview#(February 21, 2020)#https://www.digitalocean.com/community/tutorials/js-linked-lists-overview
Intro to Linked Lists via JavaScript - Part 2: Implementation#(February 23, 2020)#https://www.digitalocean.com/community/tutorials/js-linked-lists-implementation
Introduction to Iterables and Iterators in JavaScript#(August 1, 2022)#https://www.digitalocean.com/community/tutorials/js-iterables
Introduction to Maps in JavaScript#(May 26, 2022)#https://www.digitalocean.com/community/tutorials/js-maps-introduction
Introduction to Progressive Web Apps#(PWAs): Service Worker & Manifest (November 10, 2016)#https://www.digitalocean.com/community/tutorials/js-intro-progressive-web-apps
Introduction to Visual Testing for Web Apps#(June 11, 2019)#https://www.digitalocean.com/community/tutorials/js-visual-testing-percy
Introduction to localStorage and sessionStorage#(November 11, 2020)#https://www.digitalocean.com/community/tutorials/js-introduction-localstorage-sessionstorage
Introduction to the DOM#(November 6, 2017)#https://www.digitalocean.com/community/tutorials/introduction-to-the-dom
JavaScript Functional Programming Explained: Fusion & Transduction#(December 12, 2019)#https://www.digitalocean.com/community/tutorials/javascript-functional-programming-explained-fusion-transduction
JavaScript Functional Programming Explained: Partial Application and Currying#(December 12, 2019)#https://www.digitalocean.com/community/tutorials/javascript-functional-programming-explained-partial-application-and-currying      
JavaScript Interview Questions: Common Gotchas#(February 21, 2020)#https://www.digitalocean.com/community/tutorials/js-gotchas
JavaScript Object Oriented Patterns: Factory Pattern#(January 23, 2019)#https://www.digitalocean.com/community/tutorials/js-factory-pattern
JavaScript Regular Expressions for Regular People#(February 7, 2019)#https://www.digitalocean.com/community/tutorials/js-regular-expressions-for-regular-people
JavaScript Reserved Keywords#(October 28, 2020)#https://www.digitalocean.com/community/tutorials/js-javascript-reserved-keywords
Lazy Loading Scripts#(December 21, 2016)#https://www.digitalocean.com/community/tutorials/js-lazy-loading-scripts
Learn About New JavaScript Features in ES2020#(December 23, 2020)#https://www.digitalocean.com/community/tutorials/js-es2020
Let and Const in JavaScript with ES6 / ES2015#(November 10, 2016)#https://www.digitalocean.com/community/tutorials/js-let-const-variables-es6
Linear Vs Binary Search via JavaScript#(January 29, 2020)#https://www.digitalocean.com/community/tutorials/js-linear-vs-binary-search
Looking at All 13 JavaScript Proxy Traps#(December 19, 2019)#https://www.digitalocean.com/community/tutorials/js-proxy-traps
Managing Form State in React With Redux Form#(December 12, 2019)#https://www.digitalocean.com/community/tutorials/managing-form-state-in-react-with-redux-form
Manipulating the DOM in JavaScript with innerText and innerHTML#(December 14, 2019)#https://www.digitalocean.com/community/tutorials/js-innertext-and-innerhtml
Migrate Your AngularJS Services to Angular with ngUpgrade#(December 12, 2019)#https://www.digitalocean.com/community/tutorials/migrate-your-angularjs-services-to-angular-with-ngupgrade
Module Design Pattern in JavaScript#(September 21, 2020)#https://www.digitalocean.com/community/conceptual-articles/module-design-pattern-in-javascript
Mutable Immutable JavaScript#(April 2, 2020)#https://www.digitalocean.com/community/tutorials/js-mutability
Object and Array Destructuring in JavaScript with ES6#(December 9, 2016)#https://www.digitalocean.com/community/tutorials/js-object-array-destructuring-es2015
Object.values and Object.entries in JavaScript#(May 26, 2022)#https://www.digitalocean.com/community/tutorials/js-object-entries-values
Objects, Prototypes and Classes in JavaScript#(January 10, 2019)#https://www.digitalocean.com/community/tutorials/js-objects-prototypes-classes
Observer Design Pattern in JavaScript#(September 21, 2020)#https://www.digitalocean.com/community/conceptual-articles/observer-design-pattern-in-javascript
Optimizing the switch Statement in JavaScript#(June 18, 2019)#https://www.digitalocean.com/community/tutorials/js-optimizing-switch-statement
Parse, Validate, Manipulate, and Display Dates and Times in JavaScript with Day.js#(December 28, 2019)#https://www.digitalocean.com/community/tutorials/js-dayjs
Promises in JavaScript with ES6 / ES2015#(October 31, 2016)#https://www.digitalocean.com/community/tutorials/js-promises-es6
Prototype Design Pattern in JavaScript#(September 21, 2020)#https://www.digitalocean.com/community/conceptual-articles/prototype-design-pattern-in-javascript
Quick Intro to the Payment Request API#(July 31, 2017)#https://www.digitalocean.com/community/tutorials/js-payment-request-api-intro
Quick Tour of date-fns, a Simple JavaScript Date Library#(March 18, 2020)#https://www.digitalocean.com/community/tutorials/js-date-fns
Read JavaScript Source Code, Using an AST#(February 9, 2019)#https://www.digitalocean.com/community/tutorials/js-traversing-ast
Reasons Why You Should Never Use eval() in JavaScript#(August 26, 2019)#https://www.digitalocean.com/community/tutorials/js-eval
Rest Parameters in JavaScript with ES6 / ES2015#(November 2, 2016)#https://www.digitalocean.com/community/tutorials/js-rest-parameters-es6
Singleton Design Pattern in JavaScript#(September 21, 2020)#https://www.digitalocean.com/community/conceptual-articles/singleton-design-pattern-in-javascript
Speed Up Scroll Events with Passive Event Listeners#(May 11, 2017)#https://www.digitalocean.com/community/tutorials/js-speed-up-scroll-events
String Pluralization in JavaScript Using Simplur#(January 10, 2020)#https://www.digitalocean.com/community/tutorials/js-simplur
Tagged Template Literals in JavaScript#(ES6 / ES2015) (February 7, 2017)#https://www.digitalocean.com/community/tutorials/js-tagged-template-literals
Template Literals in JavaScript#(ES6 / ES2015) (October 11, 2016)#https://www.digitalocean.com/community/tutorials/js-template-literals-es6
Ternary Operator in JavaScript#(August 14, 2016)#https://www.digitalocean.com/community/tutorials/js-ternary-operator
The JavaScript Prototypal Inheritance Pattern#(February 1, 2019)#https://www.digitalocean.com/community/tutorials/js-prototypal-pattern
The JavaScript Reduce Method Explained#(September 4, 2020)#https://www.digitalocean.com/community/tutorials/js-finally-understand-reduce
The New globalThis JavaScript Property#(August 8, 2019)#https://www.digitalocean.com/community/tutorials/js-globalthis
The V8 Engine and JavaScript Optimization Tips#(October 10, 2019)#https://www.digitalocean.com/community/tutorials/js-v8-engine
The getOwnPropertyDescriptors Method in JavaScript#(March 12, 2020)#https://www.digitalocean.com/community/tutorials/js-getownpropertydescriptors
Tree Traversal via JavaScript#(March 2, 2020)#https://www.digitalocean.com/community/tutorials/js-tree-traversal
Tricks with JavaScript Destructuring#(November 26, 2018)#https://www.digitalocean.com/community/tutorials/js-tricks-with-destructuring
Understanding Arrays in JavaScript#(August 25, 2021)#https://www.digitalocean.com/community/tutorials/understanding-arrays-in-javascript
Understanding Arrow Functions in JavaScript#(August 28, 2021)#https://www.digitalocean.com/community/tutorials/understanding-arrow-functions-in-javascript
Understanding Big O Notation via JavaScript#(January 20, 2020)#https://www.digitalocean.com/community/tutorials/js-big-o-notation
Understanding Classes in JavaScript#(August 26, 2021)#https://www.digitalocean.com/community/tutorials/understanding-classes-in-javascript
Understanding Closures in JavaScript#(August 26, 2021)#https://www.digitalocean.com/community/tutorials/js-closures
Understanding Comparison and Logical Operators in JavaScript#(August 24, 2021)#https://www.digitalocean.com/community/tutorials/understanding-comparison-and-logical-operators-in-javascript
Understanding Data Types in JavaScript#(August 24, 2021)#https://www.digitalocean.com/community/tutorials/understanding-data-types-in-javascript
Understanding Date and Time in JavaScript#(August 25, 2021)#https://www.digitalocean.com/community/tutorials/understanding-date-and-time-in-javascript
Understanding Default Parameters in JavaScript#(August 27, 2021)#https://www.digitalocean.com/community/tutorials/understanding-default-parameters-in-javascript
Understanding Destructuring, Rest Parameters, and Spread Syntax in JavaScript#(August 27, 2021)#https://www.digitalocean.com/community/tutorials/understanding-destructuring-rest-parameters-and-spread-syntax-in-javascript
Understanding Events in JavaScript#(August 25, 2021)#https://www.digitalocean.com/community/tutorials/understanding-events-in-javascript
Understanding Generators in JavaScript#(August 27, 2021)#https://www.digitalocean.com/community/tutorials/understanding-generators-in-javascript
Understanding JavaScript Promises#(September 15, 2020)#https://www.digitalocean.com/community/tutorials/understanding-javascript-promises
Understanding Map and Set Objects in JavaScript#(August 27, 2021)#https://www.digitalocean.com/community/tutorials/understanding-map-and-set-objects-in-javascript
Understanding Merge Sort Through JavaScript#(February 8, 2020)#https://www.digitalocean.com/community/tutorials/js-understanding-merge-sort
Understanding Modules and Import and Export Statements in JavaScript#(August 28, 2021)#https://www.digitalocean.com/community/tutorials/understanding-modules-and-import-and-export-statements-in-javascript
Understanding Objects in JavaScript#(August 25, 2021)#https://www.digitalocean.com/community/tutorials/understanding-objects-in-javascript
Understanding Prototypes and Inheritance in JavaScript#(August 26, 2021)#https://www.digitalocean.com/community/tutorials/understanding-prototypes-and-inheritance-in-javascript
Understanding Quick Sort via JavaScript#(February 14, 2020)#https://www.digitalocean.com/community/tutorials/js-quick-sort
Understanding Radix Sort Through JavaScript#(February 18, 2020)#https://www.digitalocean.com/community/tutorials/js-radix-sort
Understanding Recursion & Memoization via JavaScript#(January 26, 2020)#https://www.digitalocean.com/community/tutorials/js-understanding-recursion
Understanding Syntax and Code Structure in JavaScript#(August 24, 2021)#https://www.digitalocean.com/community/tutorials/understanding-syntax-and-code-structure-in-javascript
Understanding Template Literals in JavaScript#(August 27, 2021)#https://www.digitalocean.com/community/tutorials/understanding-template-literals-in-javascript
Understanding This, Bind, Call, and Apply in JavaScript#(August 26, 2021)#https://www.digitalocean.com/community/conceptual-articles/understanding-this-bind-call-and-apply-in-javascript
Understanding Variable Scope in JavaScript#(October 1, 2019)#https://www.digitalocean.com/community/tutorials/js-variable-scope
Understanding Variables, Scope, and Hoisting in JavaScript#(August 24, 2021)#https://www.digitalocean.com/community/tutorials/understanding-variables-scope-hoisting-in-javascript
Understanding the DOM Tree and Nodes#(November 8, 2017)#https://www.digitalocean.com/community/tutorials/understanding-the-dom-tree-and-nodes
Understanding the DOM  Document Object Model eBook#(October 8, 2020)#https://www.digitalocean.com/community/books/understanding-the-dom-document-object-model-ebook
Understanding the Event Loop, Callbacks, Promises, and Async/Await in JavaScript#(August 28, 2021)#https://www.digitalocean.com/community/tutorials/understanding-the-event-loop-callbacks-promises-and-async-await-in-javascript    
Using Buffers in Node.js#(May 1, 2020)#https://www.digitalocean.com/community/tutorials/using-buffers-in-node-js
Using DOMParser to Parse HTML Strings#(October 21, 2016)#https://www.digitalocean.com/community/tutorials/js-domparser
Using Event Emitters in Node.js#(May 29, 2020)#https://www.digitalocean.com/community/tutorials/using-event-emitters-in-node-js
Using JavaScript Mixins#(February 12, 2019)#https://www.digitalocean.com/community/tutorials/js-using-js-mixins
Using JavaScript's sort Method for Sorting Arrays of Numbers#(September 4, 2020)#https://www.digitalocean.com/community/tutorials/js-array-sort-numbers
Using JavaScript's sort Method for Sorting Arrays of Strings#(August 6, 2018)#https://www.digitalocean.com/community/tutorials/js-array-sort-strings
Using While Loops and Do...While Loops in JavaScript#(August 26, 2021)#https://www.digitalocean.com/community/tutorials/using-while-loops-and-do-while-loops-in-javascript
Using getBoundingClientRect to Get an Element's Size and Position#(August 19, 2020)#https://www.digitalocean.com/community/tutorials/js-getboundingclientrect
Using the Array.find Method in JavaScript#(September 9, 2020)#https://www.digitalocean.com/community/tutorials/js-array-find-method
Using the Fullscreen API#(March 11, 2020)#https://www.digitalocean.com/community/tutorials/js-fullscreen-api
Using the Geolocation API#(October 27, 2017)#https://www.digitalocean.com/community/tutorials/js-geolocation-api
Using the React-Async Library for Declarative Data Fetching#(December 12, 2019)#https://www.digitalocean.com/community/tutorials/using-the-react-async-library-for-declarative-data-fetching
Using the Trim String Method in JavaScript#(September 16, 2019)#https://www.digitalocean.com/community/tutorials/js-trim-string-method
Using toLocaleString with Numbers, Arrays or Dates in JavaScript#(November 11, 2019)#https://www.digitalocean.com/community/tutorials/js-using-tolocalestring
V8's V8: Optional Chaining and Nullish Coalescing in JavaScript#(December 29, 2019)#https://www.digitalocean.com/community/tutorials/js-v8-optional-chaining-nullish-coalescing
What Are Cookies & How to Work With Them Using JavaScript#(March 19, 2020)#https://www.digitalocean.com/community/tutorials/js-what-are-cookies
What is JavaScript?#(December 9, 2020)#https://www.digitalocean.com/community/tutorials/what-is-javascript
What is Node.js?#(June 24, 2021)#https://www.digitalocean.com/community/tutorials/what-is-node-js
What's new in ECMAScript 2019#(ES2019) / ES10 (June 13, 2019)#https://www.digitalocean.com/community/tutorials/js-es2019
What's the Spread Operator Used For in JavaScript?#(July 11, 2022)#https://www.digitalocean.com/community/tutorials/how-to-access-elements-in-the-dom
Write React Faster with the Simple React Snippets VSCode Extension#(December 12, 2019)#https://www.digitalocean.com/community/posts/write-react-faster-with-simple-react-snippets
Writing Abstract Components with Vue.js#(August 27, 2017)#https://www.digitalocean.com/community/tutorials/vuejs-vue-abstract-components
Your First Steps with the Web Audio API#(January 9, 2018)#https://www.digitalocean.com/community/tutorials/js-first-steps-web-audio-api
clientWidth and clientHeight in JavaScript#(July 24, 2019)#https://www.digitalocean.com/community/tutorials/js-clientwidth-and-clientheight
clipboard.js: Copy Text to the Clipboard#(June 23, 2016)#https://www.digitalocean.com/community/tutorials/js-clipboardjs
console.table() in JavaScript#(September 28, 2016)#https://www.digitalocean.com/community/tutorials/js-console-table
console.time() & console.timeEnd() in JavaScript#(September 28, 2016)#https://www.digitalocean.com/community/tutorials/js-console-time-timeend
includes() String Method in JavaScript#(August 29, 2016)#https://www.digitalocean.com/community/tutorials/js-includes-string-method
map() Array Method in JavaScript#(May 7, 2016)#https://www.digitalocean.com/community/tutorials/js-map-array-method
padStart and padEnd String Methods in JavaScript#(February 17, 2017)#https://www.digitalocean.com/community/tutorials/js-padstart-padend-string-methods
split() String Method in JavaScript#(September 9, 2020)#https://www.digitalocean.com/community/tutorials/js-split-string-method
substring vs substr in JavaScript#(November 6, 2017)#https://www.digitalocean.com/community/tutorials/js-substring-vs-substr
toLowerCase() and toUpperCase String Methods in JavaScript#(August 29, 2016)#https://www.digitalocean.com/community/tutorials/js-tolowercase-touppercase-methods