Containerizing a Node.js Application for Development With Docker Compose#(October 29, 2022)#https://www.digitalocean.com/community/tutorials/containerizing-a-node-js-application-for-development-with-docker-compose
From Containers to Kubernetes with Node.js eBook#(May 8, 2020)#https://www.digitalocean.com/community/books/from-containers-to-kubernetes-with-node-js-ebook
How To Build a GraphQL Server in Node.js Using GraphQL-yoga and MongoDB#(December 12, 2019)#https://www.digitalocean.com/community/tutorials/how-to-build-a-graphql-server-in-node-js-using-graphql-yoga-and-mongodb
How To Build a Media Processing API in Node.js With Express and FFmpeg.wasm#(October 16, 2021)#https://www.digitalocean.com/community/tutorials/how-to-build-a-media-processing-api-in-node-js-with-express-and-ffmpeg-wasm
How To Build a Telegram Quotes Generator Bot With Node.js, Telegraf, Jimp, and Pexels#(November 24, 2021)#https://www.digitalocean.com/community/tutorials/how-to-build-a-telegram-quotes-generator-bot-with-node-js-telegraf-jimp-and-pexels
How To Create an HTTP Client with Core HTTP in Node.js#(October 7, 2020)#https://www.digitalocean.com/community/tutorials/how-to-create-an-http-client-with-core-http-in-node-js
How To Improve Your Development Efficiency with Visual Studio Code#(December 12, 2019)#https://www.digitalocean.com/community/tutorials/how-to-improve-your-development-efficiency-with-visual-studio-code
How To Integrate MongoDB with Your Node Application#(February 14, 2019)#https://www.digitalocean.com/community/tutorials/how-to-integrate-mongodb-with-your-node-application
How To Read and Write CSV Files in Node.js Using Node-CSV#(April 22, 2022)#https://www.digitalocean.com/community/tutorials/how-to-read-and-write-csv-files-in-node-js-using-node-csv
How To Secure MongoDB on Ubuntu 20.04#(March 4, 2021)#https://www.digitalocean.com/community/tutorials/how-to-secure-mongodb-on-ubuntu-20-04
How To Set Up a GraphQL API Server in Node.js#(June 13, 2022)#https://www.digitalocean.com/community/tutorials/how-to-set-up-a-graphql-api-server-in-node-js
How To Use SQLite with Node.js on Ubuntu 22.04#(October 19, 2022)#https://www.digitalocean.com/community/tutorials/how-to-use-sqlite-with-node-js-on-ubuntu-22-04
How To Use Visual Studio Code for Remote Development via the Remote-SSH Plugin#(August 5, 2021)#https://www.digitalocean.com/community/tutorials/how-to-use-visual-studio-code-for-remote-development-via-the-remote-ssh-plugin