5 Tips to Improve the Performance of Your React Apps#(March 8, 2020)#https://www.digitalocean.com/community/tutorials/react-keep-react-fast
6 Optimization Tips for React Apps#(December 12, 2019)#https://www.digitalocean.com/community/tutorials/6-quick-optimisation-tips-in-react-apps
7 Ways to Implement Conditional Rendering in React Applications#(February 5, 2021)#https://www.digitalocean.com/community/tutorials/7-ways-to-implement-conditional-rendering-in-react-applications
A Brief Introduction to Expo#(December 12, 2018)#https://www.digitalocean.com/community/tutorials/react-expo-intro
A Guide for Refs in React#(August 18, 2019)#https://www.digitalocean.com/community/tutorials/react-createref
A New Way to Handle Events in React#(April 16, 2020)#https://www.digitalocean.com/community/tutorials/react-new-way-to-handle-events
A Quick Intro to React's Higher-Order Components#(May 12, 2018)#https://www.digitalocean.com/community/tutorials/react-higher-order-components
A Sneak Peek at React Router v6#(March 17, 2020)#https://www.digitalocean.com/community/tutorials/react-react-router-v6
Add i18n Yourself in a React and Redux App#(June 20, 2018)#https://www.digitalocean.com/community/tutorials/react-create-i18n-module
Adding Sound FX to Your React Apps#(May 21, 2019)#https://www.digitalocean.com/community/tutorials/react-adding-sound-to-your-react-apps
Animations in React Using React Motion#(April 12, 2018)#https://www.digitalocean.com/community/tutorials/react-react-motion
Atomic SetState Updates in React#(July 26, 2017)#https://www.digitalocean.com/community/tutorials/react-getting-atomic-updates-with-setstate
Back to Basic: What are Props in React and How to They Work?#(July 16, 2019)#https://www.digitalocean.com/community/tutorials/react-props
Beautiful Charts and Graphs with React and Victory#(September 19, 2018)#https://www.digitalocean.com/community/tutorials/react-react-victory
Build a SSR App With Preact, Unistore, and Preact Router#(December 12, 2019)#https://www.digitalocean.com/community/tutorials/build-a-ssr-app-with-preact-unistore-and-preact-router
Building a Landing Page in React Native Using Flexbox#(July 26, 2018)#https://www.digitalocean.com/community/tutorials/react-react-native-flexbox
CSS-in-JS Roundup: Styling React Components#(August 21, 2017)#https://www.digitalocean.com/community/tutorials/react-css-in-js-roundup-styling-react-components
Categorizing Components Into Smart & Dumb Components, in React#(November 12, 2018)#https://www.digitalocean.com/community/tutorials/react-smart-dumb-components
Change Soft Input Mode in React Native Android#(July 16, 2018)#https://www.digitalocean.com/community/tutorials/react-android-soft-input
Class Component Overview in React#(May 9, 2017)#https://www.digitalocean.com/community/tutorials/react-class-components
Code Splitting in React Using React Loadable#(April 18, 2018)#https://www.digitalocean.com/community/tutorials/react-react-loadable
Code Splitting with React Suspense#(December 14, 2018)#https://www.digitalocean.com/community/tutorials/react-code-splitting-with-react-suspense
Component Lifecycle Functions in React#(May 13, 2017)#https://www.digitalocean.com/community/tutorials/react-lifecycle-functions
Connecting Redux to React Using React Redux#(June 13, 2018)#https://www.digitalocean.com/community/tutorials/react-react-redux
Crafting Beautiful UIs in React Using Ant Design#(September 7, 2018)#https://www.digitalocean.com/community/tutorials/react-beautiful-uis-ant-design
Creating Compositional Components in React With this.props.children#(August 18, 2017)#https://www.digitalocean.com/community/tutorials/react-using-this-props-children
Creating a Button with Gradient Border in React Native#(February 8, 2019)#https://www.digitalocean.com/community/tutorials/react-gradient-border-react-native
Creating a Live Search Feature in React Using Axios#(February 28, 2019)#https://www.digitalocean.com/community/tutorials/react-live-search-with-axios
Deploying React Applications with Webhooks and Slack on Ubuntu 16.04#(June 21, 2018)#https://www.digitalocean.com/community/tutorials/deploying-react-applications-with-webhooks-and-slack-on-ubuntu-16-04
Easy State Management in React Using Unstated#(April 19, 2018)#https://www.digitalocean.com/community/tutorials/react-unstated
Easy State Management with React Values#(August 26, 2018)#https://www.digitalocean.com/community/tutorials/react-react-values
Elegant UX in React with Material-UI#(June 17, 2018)#https://www.digitalocean.com/community/tutorials/react-material-ui
Exploring the Chakra UI React Component Library#(December 23, 2019)#https://www.digitalocean.com/community/tutorials/react-chakra-ui
Get to Know React's New Context API#(January 7, 2022)#https://www.digitalocean.com/community/tutorials/get-to-know-reacts-new-context-api
Getting Started with React Native Elements UI#(June 28, 2021)#https://www.digitalocean.com/community/tutorials/react-react-native-elements
Getting Started with Webpack + React#(October 19, 2017)#https://www.digitalocean.com/community/tutorials/react-getting-started-webpack-react
Getting to Grips with React.Memo#(August 15, 2019)#https://www.digitalocean.com/community/tutorials/react-learning-react-memo
Getting to Grips with react-window#(July 22, 2019)#https://www.digitalocean.com/community/tutorials/react-react-window
Google Analytics on your React/Redux App with Redux Beacon#(July 8, 2018)#https://www.digitalocean.com/community/tutorials/react-redux-beacon
How To Add Animations to React Apps with React-Lottie#(June 7, 2021)#https://www.digitalocean.com/community/tutorials/how-to-add-animations-to-react-apps-with-react-lottie
How To Add Login Authentication to React Applications#(December 2, 2020)#https://www.digitalocean.com/community/tutorials/how-to-add-login-authentication-to-react-applications
How To Apply React Hooks in a React Project#(October 26, 2020)#https://www.digitalocean.com/community/tutorials/getting-started-with-react-hooks
How To Avoid Performance Pitfalls in React with memo, useMemo, and useCallback#(December 11, 2020)#https://www.digitalocean.com/community/tutorials/how-to-avoid-performance-pitfalls-in-react-with-memo-usememo-and-usecallback     
How To Build Custom Pagination with React#(September 17, 2020)#https://www.digitalocean.com/community/tutorials/how-to-build-custom-pagination-with-react
How To Build Forms in React with Reactstrap#(June 3, 2021)#https://www.digitalocean.com/community/tutorials/react-fancy-forms-reactstrap
How To Build Forms in React#(September 24, 2020)#https://www.digitalocean.com/community/tutorials/how-to-build-forms-in-react
How To Build JS Components with Storybook#(March 31, 2021)#https://www.digitalocean.com/community/tutorials/how-to-build-js-components-with-storybook
How To Build a CRUD App with React Hooks and the Context API#(March 23, 2021)#https://www.digitalocean.com/community/tutorials/react-crud-context-hooks
How To Build a Custom Toggle Switch with React#(June 9, 2020)#https://www.digitalocean.com/community/tutorials/how-to-build-a-custom-toggle-switch-with-react
How To Build a Customer List Management App with React and TypeScript#(May 16, 2019)#https://www.digitalocean.com/community/tutorials/how-to-build-a-customer-list-management-app-with-react-and-typescript
How To Build a Modern Web Application to Manage Customer Information with Django and React on Ubuntu 18.04#(October 22, 2018)#https://www.digitalocean.com/community/tutorials/how-to-build-a-modern-web-application-to-manage-customer-information-with-django-and-react-on-ubuntu-18-04
How To Build a Password Strength Meter in React#(April 10, 2020)#https://www.digitalocean.com/community/tutorials/how-to-build-a-password-strength-meter-in-react
How To Build a Photo Search App with React Using the Unsplash API#(September 18, 2020)#https://www.digitalocean.com/community/tutorials/how-to-build-a-photo-search-app-with-react-using-the-unsplash-api
How To Build a React To-Do App with React Hooks#(September 17, 2020)#https://www.digitalocean.com/community/tutorials/how-to-build-a-react-to-do-app-with-react-hooks
How To Build a Recipe App Using React, Prisma, and GraphQL#(December 12, 2019)#https://www.digitalocean.com/community/tutorials/how-to-build-a-recipe-app-using-react-prisma-and-graphql
How To Build a Sidebar Component in React with react-burger-menu#(October 20, 2020)#https://www.digitalocean.com/community/tutorials/react-react-burger-menu-sidebar
How To Build a To-Do application Using Django and React#(February 17, 2021)#https://www.digitalocean.com/community/tutorials/build-a-to-do-application-using-django-and-react
How To Build a UI Component with React and Storybook#(June 8, 2021)#https://www.digitalocean.com/community/tutorials/how-to-build-a-ui-component-with-react-and-storybook
How To Build an Accordion Component with React#(August 27, 2021)#https://www.digitalocean.com/community/tutorials/react-react-accordion-component
How To Build an Autocomplete Component in React#(December 21, 2020)#https://www.digitalocean.com/community/tutorials/react-react-autocomplete
How To Build an Infinite Scroll Image Gallery with React and CSS Grid#(December 12, 2019)#https://www.digitalocean.com/community/tutorials/how-to-build-an-infinite-scroll-image-gallery-with-react-css-grid-and-unsplash
How To Call Web APIs with the useEffect Hook in React#(October 6, 2020)#https://www.digitalocean.com/community/tutorials/how-to-call-web-apis-with-the-useeffect-hook-in-react
How To Change the Title and Metadata with React Helmet#(March 17, 2021)#https://www.digitalocean.com/community/tutorials/react-react-helmet
How To Code in React.js eBook#(July 30, 2021)#https://www.digitalocean.com/community/books/how-to-code-in-react-js-ebook
How To Convert React Class Components to Functional Components with React Hooks#(September 16, 2020)#https://www.digitalocean.com/community/tutorials/five-ways-to-convert-react-class-components-to-functional-components-with-react-hooks
How To Convert a React Class-Based Component to a Functional Component#(August 4, 2021)#https://www.digitalocean.com/community/tutorials/react-converting-to-a-hook
How To Create A Social Follow Component in React#(December 12, 2019)#https://www.digitalocean.com/community/tutorials/creating-a-social-follow-component-in-react
How To Create Admin Interfaces in React with react-admin#(August 6, 2021)#https://www.digitalocean.com/community/tutorials/react-react-admin-interface
How To Create Animated React Apps With React Spring#(December 12, 2019)#https://www.digitalocean.com/community/tutorials/create-animated-react-apps-with-react-spring
How To Create Custom Components in React#(April 16, 2020)#https://www.digitalocean.com/community/tutorials/how-to-create-custom-components-in-react
How To Create Drag and Drop File Uploads in React with react-dropzone#(March 23, 2021)#https://www.digitalocean.com/community/tutorials/react-react-dropzone
How To Create Multistep Forms With React and Semantic UI#(August 30, 2021)#https://www.digitalocean.com/community/tutorials/how-to-create-multistep-forms-with-react-and-semantic-ui
How To Create React Elements with JSX#(April 13, 2020)#https://www.digitalocean.com/community/tutorials/how-to-create-react-elements-with-jsx
How To Create Searchable, Async Dropdowns with React-Select#(November 16, 2020)#https://www.digitalocean.com/community/tutorials/react-react-select
How To Create Wrapper Components in React with Props#(May 18, 2020)#https://www.digitalocean.com/community/tutorials/how-to-create-wrapper-components-in-react-with-props
How To Create a calibre Ebook Server on Ubuntu 18.04#(October 27, 2020)#https://www.digitalocean.com/community/tutorials/how-to-create-a-calibre-ebook-server-on-ubuntu-18-04
How To Customize ESLint Rules with an Ejected Create React App#(July 20, 2021)#https://www.digitalocean.com/community/tutorials/react-linting-react
How To Customize React Components with Props#(March 23, 2022)#https://www.digitalocean.com/community/tutorials/how-to-customize-react-components-with-props
How To Debug React Components Using React Developer Tools#(August 28, 2020)#https://www.digitalocean.com/community/tutorials/how-to-debug-react-components-using-react-developer-tools
How To Deploy a React Application to DigitalOcean App Platform#(December 28, 2021)#https://www.digitalocean.com/community/tutorials/how-to-deploy-a-react-application-to-digitalocean-app-platform
How To Deploy a React Application with Nginx on Ubuntu 20.04#(June 14, 2022)#https://www.digitalocean.com/community/tutorials/how-to-deploy-a-react-application-with-nginx-on-ubuntu-20-04
How To Detect When a Component Enters the Viewport with React Visibility Sensor#(March 18, 2021)#https://www.digitalocean.com/community/tutorials/react-components-viewport-react-visibility-sensor
How To Display Data from the DigitalOcean API with React#(December 21, 2018)#https://www.digitalocean.com/community/tutorials/how-to-display-data-from-the-digitalocean-api-with-react
How To Embed a React Application in WordPress on Ubuntu 18.04#(August 27, 2019)#https://www.digitalocean.com/community/tutorials/how-to-embed-a-react-application-in-wordpress-on-ubuntu-18-04
How To Get Started with the MERN Stack#(August 31, 2021)#https://www.digitalocean.com/community/tutorials/getting-started-with-the-mern-stack
How To Handle Async Data Loading, Lazy Loading, and Code Splitting with React#(October 2, 2020)#https://www.digitalocean.com/community/tutorials/how-to-handle-async-data-loading-lazy-loading-and-code-splitting-with-react
How To Handle DOM and Window Events with React#(August 28, 2020)#https://www.digitalocean.com/community/tutorials/how-to-handle-dom-and-window-events-with-react
How To Handle Routing in React Apps with React Router#(October 29, 2020)#https://www.digitalocean.com/community/tutorials/how-to-handle-routing-in-react-apps-with-react-router
How To Implement Infinite Scroll in React#(March 17, 2021)#https://www.digitalocean.com/community/tutorials/react-react-infinite-scroll
How To Implement Smooth Scrolling in React#(May 19, 2020)#https://www.digitalocean.com/community/tutorials/how-to-implement-smooth-scrolling-in-react
How To Implement a Modal Component in React#(December 23, 2020)#https://www.digitalocean.com/community/tutorials/react-modal-component
How To Manage State in React with Redux#(October 20, 2020)#https://www.digitalocean.com/community/tutorials/how-to-manage-state-in-react-with-redux
How To Manage State on React Class Components#(June 30, 2020)#https://www.digitalocean.com/community/tutorials/how-to-manage-state-on-react-class-components
How To Manage State with Hooks on React Components#(July 14, 2020)#https://www.digitalocean.com/community/tutorials/how-to-manage-state-with-hooks-on-react-components
How To Manage User State with React Context#(March 23, 2021)#https://www.digitalocean.com/community/tutorials/react-manage-user-login-react-context
How To Render CSS on React App Servers#(June 1, 2021)#https://www.digitalocean.com/community/tutorials/rendering-css-on-servers-for-nextjs-react-apps
How To Secure React Applications Against XSS Attacks with HTTP-Only Cookies#(September 21, 2022)#https://www.digitalocean.com/community/tutorials/how-to-secure-react-applications-against-xss-attacks-with-http-only-cookies        
How To Set Up Conditional and Responsive Routing with React Router v4#(September 24, 2020)#https://www.digitalocean.com/community/tutorials/how-to-set-up-conditional-and-responsive-routing-with-react-router-v4
How To Set Up React Using Webpack 4 and Babel 7#(December 12, 2019)#https://www.digitalocean.com/community/tutorials/settingup-reactjs-using-webpack-4-and-babel-7-the-definitive-guide
How To Set Up a React Project With Parcel#(June 8, 2021)#https://www.digitalocean.com/community/tutorials/how-to-set-up-a-react-project-with-parcel
How To Set Up a React Project with Create React App#(March 30, 2020)#https://www.digitalocean.com/community/tutorials/how-to-set-up-a-react-project-with-create-react-app
How To Set Up a React Project with Create React App#(March 30, 2020)#https://www.digitalocean.com/community/tutorials/how-to-set-up-a-react-project-with-create-react-app
How To Set Up a React Project with Vite#(January 23, 2023)#https://www.digitalocean.com/community/tutorials/how-to-set-up-a-react-project-with-vite
How To Set Up a Ruby on Rails v5 Project with a React Frontend on Ubuntu 18.04#(August 8, 2019)#https://www.digitalocean.com/community/tutorials/how-to-set-up-a-ruby-on-rails-project-with-a-react-frontend
How To Set Up a Ruby on Rails v7 Project with a React Frontend on Ubuntu 20.04#(November 4, 2022)#https://www.digitalocean.com/community/tutorials/how-to-set-up-a-ruby-on-rails-v7-project-with-a-react-frontend-on-ubuntu-20-04    
How To Share State Across React Components with Context#(July 22, 2020)#https://www.digitalocean.com/community/tutorials/how-to-share-state-across-react-components-with-context
How To Style React Components#(June 9, 2020)#https://www.digitalocean.com/community/tutorials/how-to-style-react-components
How To Test a React App with Jest and React Testing Library#(May 9, 2022)#https://www.digitalocean.com/community/tutorials/how-to-test-a-react-app-with-jest-and-react-testing-library
How To Use Axios with React#(December 3, 2021)#https://www.digitalocean.com/community/tutorials/react-axios-react
How To Use Emotion for Styling in React#(March 30, 2021)#https://www.digitalocean.com/community/tutorials/react-react-emotion
How To Use Error Boundaries in React#(July 21, 2021)#https://www.digitalocean.com/community/tutorials/react-error-boundaries
How To Use Font Awesome 5 with React#(May 14, 2020)#https://www.digitalocean.com/community/tutorials/how-to-use-font-awesome-5-with-react
How To Use Routing with React Navigation in React Native#(August 28, 2020)#https://www.digitalocean.com/community/tutorials/react-react-native-navigation
How To Use Styling in React Native Apps#(June 25, 2021)#https://www.digitalocean.com/community/tutorials/react-styling-react-native
How To Use Typescript with Create React App#(April 2, 2021)#https://www.digitalocean.com/community/tutorials/using-create-react-app-v2-and-typescript
How To Validate a Login Form With React and Formik#(April 10, 2020)#https://www.digitalocean.com/community/tutorials/how-to-validate-a-login-form-with-react-and-formik
How To Work with Context API in React and React Hooks#(November 12, 2020)#https://www.digitalocean.com/community/tutorials/react-usecontext
How To Write Snapshot Tests For React Components With Jest#(August 14, 2020)#https://www.digitalocean.com/community/tutorials/how-to-write-snapshot-tests-for-react-components-with-jest
How To use Skeleton Screens in React and React Native#(June 23, 2021)#https://www.digitalocean.com/community/tutorials/react-skeleton-screens-react-and-react-native
How to Build a Tabs Component with React#(August 25, 2020)#https://www.digitalocean.com/community/tutorials/react-tabs-component
How to Create a Countdown Timer with React Hooks#(December 6, 2021)#https://www.digitalocean.com/community/tutorials/react-countdown-timer-react-hooks
How to Enable Server-Side Rendering for a React App#(April 4, 2022)#https://www.digitalocean.com/community/tutorials/react-server-side-rendering
How to Integrate the Google Maps API into React Applications#(September 11, 2020)#https://www.digitalocean.com/community/tutorials/how-to-integrate-the-google-maps-api-into-react-applications
How to Wrap a Vanilla JavaScript Package for Use in React#(July 22, 2021)#https://www.digitalocean.com/community/tutorials/wrap-a-vanilla-javascript-package-for-use-in-react
I18n with React and i18next#(October 24, 2017)#https://www.digitalocean.com/community/tutorials/react-i18n-with-react-and-i18next
Internationalization in React with React-Intl#(December 24, 2019)#https://www.digitalocean.com/community/tutorials/react-i18n-react-intl
Intro to Animations in React Using React Spring#(August 29, 2019)#https://www.digitalocean.com/community/tutorials/react-intro-to-react-spring
Intro to GraphQL in React Using React Apollo & Apollo Boost#(March 23, 2018)#https://www.digitalocean.com/community/tutorials/react-graphql-apollo-boost
Introduction to Bulma CSS with React#(May 28, 2021)#https://www.digitalocean.com/community/tutorials/react-intro-react-bulma-components
Introduction to React 360#(March 7, 2019)#https://www.digitalocean.com/community/tutorials/react-react-360
Introduction to React Hooks#(December 6, 2018)#https://www.digitalocean.com/community/tutorials/react-hooks
Introduction to Using Redux in a React Native App#(September 2, 2020)#https://www.digitalocean.com/community/tutorials/react-react-native-redux
Introduction to the React Ref System#(May 16, 2017)#https://www.digitalocean.com/community/tutorials/react-refs
Learning the Basic Components of React Native#(January 15, 2020)#https://www.digitalocean.com/community/tutorials/react-react-native-basic-components
Loading React Components Dynamically with Hooks#(September 17, 2020)#https://www.digitalocean.com/community/conceptual-articles/react-loading-components-dynamically-hooks
Making Progressive Web Apps (PWAs) with React#(March 2, 2019)#https://www.digitalocean.com/community/tutorials/react-react-progressive-web-apps
Making React Apps More Accessible#(August 14, 2019)#https://www.digitalocean.com/community/tutorials/react-making-react-apps-more-accessible
Managing Form State in React With Redux Form#(December 12, 2019)#https://www.digitalocean.com/community/tutorials/managing-form-state-in-react-with-redux-form
Mapping Routes in React Router#(June 23, 2017)#https://www.digitalocean.com/community/tutorials/react-react-router-map-to-routes
MobX with React Native, Simplified#(December 7, 2019)#https://www.digitalocean.com/community/tutorials/react-mobx-react-native-simplified
Morphing UI Transitions with React Morph#(April 27, 2020)#https://www.digitalocean.com/community/tutorials/react-react-morph
Optimizing Server Requests with React Hooks#(July 29, 2023)#https://www.digitalocean.com/community/tutorials/optimizing-server-requests-with-react-hooks
Progress Bar On Page Scroll Using React and styled-components#(August 7, 2019)#https://www.digitalocean.com/community/tutorials/react-progress-bar-on-scroll
Rapid Prototyping Made Easy with React PowerPlug#(September 28, 2018)#https://www.digitalocean.com/community/tutorials/react-react-powerplug
React Devtools: A Brief Introduction#(May 21, 2018)#https://www.digitalocean.com/community/tutorials/react-react-devtools-intro
React Icons Gets You Access to Hundreds of Open Source Icons#(July 5, 2019)#https://www.digitalocean.com/community/tutorials/react-react-icons-open-source-icons
React Keys and You#(December 28, 2018)#https://www.digitalocean.com/community/tutorials/react-react-keys-and-you
React Native UI Toolkit Roundup#(August 7, 2017)#https://www.digitalocean.com/community/tutorials/react-react-native-ui-toolkit-roundup
React Router Overview#(June 14, 2017)#https://www.digitalocean.com/community/tutorials/react-react-router
React Router Parameters#(June 15, 2017)#https://www.digitalocean.com/community/tutorials/react-react-router-parameters
React Router: Optional Parameters#(June 20, 2017)#https://www.digitalocean.com/community/tutorials/react-react-router-optional-parameters
React Snapshot Testing#(May 31, 2017)#https://www.digitalocean.com/community/tutorials/react-react-snapshot-testing
React.PropTypes Is Dead, Long Live PropTypes in React#(April 9, 2017)#https://www.digitalocean.com/community/tutorials/react-the-new-proptypes
ReactXP: Building Cross Platform Apps#(March 5, 2019)#https://www.digitalocean.com/community/tutorials/react-reactxp
Red Hot Form Validation for React Using calidation#(July 23, 2018)#https://www.digitalocean.com/community/tutorials/react-react-calidation
Replacing Component Lifecycles with the useEffect Hook, in React#(September 9, 2020)#https://www.digitalocean.com/community/tutorials/react-replacing-component-lifecycles-with-useeffect
Returning Multiple Children Using React Fragments#(April 14, 2018)#https://www.digitalocean.com/community/tutorials/react-fragments
Simple Authorization in React#(May 29, 2018)#https://www.digitalocean.com/community/tutorials/react-simple-authorization
Starting Off Strong with React and Next.js#(March 23, 2017)#https://www.digitalocean.com/community/tutorials/react-next-js
Static Type Checking With Flow#(February 27, 2017)#https://www.digitalocean.com/community/tutorials/react-flowtype
Styling Components with React Fela#(April 27, 2020)#https://www.digitalocean.com/community/tutorials/react-styling-with-react-fela
Styling React Components Using glamorous#(May 9, 2018)#https://www.digitalocean.com/community/tutorials/react-glamorous
Super Clean, Refactor-Friendly Import Statements in React#(May 2, 2019)#https://www.digitalocean.com/community/tutorials/react-clean-import-statements-in-react
Take a Tour: New Features in Create React App v3#(April 23, 2019)#https://www.digitalocean.com/community/tutorials/react-take-a-tour-create-react-app-version-3
Tear-Free Forms with React and Formik#(October 19, 2018)#https://www.digitalocean.com/community/tutorials/react-forms-with-react-and-formik
Testing React / Redux Apps with Jest & Enzyme - Part 1: Installation & Setup#(May 20, 2018)#https://www.digitalocean.com/community/tutorials/react-testing-react-redux-with-jest-enzyme
Testing React / Redux Apps with Jest & Enzyme - Part 2: Testing React Components#(June 3, 2018)#https://www.digitalocean.com/community/tutorials/react-testing-react-components
Testing React / Redux Apps with Jest & Enzyme - Part 3: Testing Redux Actions#(June 27, 2018)#https://www.digitalocean.com/community/tutorials/react-testing-redux-actions
Testing React / Redux Apps with Jest & Enzyme - Part 4: Testing Redux Reducers#(July 10, 2018)#https://www.digitalocean.com/community/tutorials/react-testing-redux-reducers
Theming styled-components#(March 9, 2018)#https://www.digitalocean.com/community/tutorials/react-theming-styled-components
Understanding Constructors with React Components#(January 23, 2019)#https://www.digitalocean.com/community/tutorials/react-constructors-with-react-components
Understanding How To Render Arrays in React#(July 27, 2020)#https://www.digitalocean.com/community/conceptual-articles/understanding-how-to-render-arrays-in-react
Understanding the React Context API#(April 24, 2018)#https://www.digitalocean.com/community/tutorials/react-context-api
Understanding the React useMemo Hook#(October 9, 2020)#https://www.digitalocean.com/community/tutorials/react-usememo
Up and Running With Reakit#(September 20, 2018)#https://www.digitalocean.com/community/tutorials/react-reakit
Use Native Icons in React Native#(August 8, 2018)#https://www.digitalocean.com/community/tutorials/react-use-native-icons
Using Derived State in React#(July 1, 2018)#https://www.digitalocean.com/community/tutorials/react-get-derived-state
Using Enums in Flow#(June 27, 2017)#https://www.digitalocean.com/community/tutorials/react-flow-enums
Using Font Awesome 5 in React#(July 11, 2018)#https://www.digitalocean.com/community/tutorials/react-font-awesome
Using Geolocation in React Native#(September 30, 2018)#https://www.digitalocean.com/community/tutorials/react-geolocation-react-native
Using Storybook with React & Redux#(January 8, 2019)#https://www.digitalocean.com/community/tutorials/react-storybook-with-redux
Using TypeScript with React#(July 14, 2022)#https://www.digitalocean.com/community/tutorials/react-typescript-with-react
Using the New Portal Feature in React#(November 3, 2017)#https://www.digitalocean.com/community/tutorials/react-using-new-portal-feature-in-react
Using the React-Async Library for Declarative Data Fetching#(December 12, 2019)#https://www.digitalocean.com/community/tutorials/using-the-react-async-library-for-declarative-data-fetching
Working With Types Using React.PropType#(February 13, 2017)#https://www.digitalocean.com/community/tutorials/react-react-proptypes
Write React Faster with the Simple React Snippets VSCode Extension#(December 12, 2019)#https://www.digitalocean.com/community/posts/write-react-faster-with-simple-react-snippets
Write React Faster with the Simple React Snippets VSCode Extension#(December 12, 2019)#https://www.digitalocean.com/community/posts/write-react-faster-with-simple-react-snippets
react-notifications-component, a Powerful React Notifications Library#(September 1, 2019)#https://www.digitalocean.com/community/tutorials/react-react-notifications-component
styled-components, the Modern Way to Handle CSS in React#(February 22, 2018)#https://www.digitalocean.com/community/tutorials/react-styled-components
